{"payload":{"installed_packages":["absl-py==2.1.0","anyio==4.3.0","argon2-cffi==23.1.0","argon2-cffi-bindings==21.2.0","arrow==1.3.0","asttokens==2.4.1","astunparse==1.6.3","async-lru==2.0.4","attrs==23.2.0","babel==2.14.0","beautifulsoup4==4.12.3","bleach==6.1.0","brotli==1.0.9","certifi==2024.7.4","charset-normalizer==2.0.4","colorama==0.4.6","coloredlogs==15.0.1","comet-ml==3.44.1","comm==0.2.2","configobj==5.0.8","contourpy==1.2.1","cycler==0.12.1","debugpy==1.8.2","decorator==5.1.1","defusedxml==0.7.1","dulwich==0.22.1","entrypoints==0.4","everett==3.1.0","exceptiongroup==1.2.1","executing==2.0.1","fastjsonschema==2.20.0","filelock==3.13.1","flatbuffers==24.3.25","fonttools==4.53.1","fqdn==1.5.1","fsspec==2024.6.1","gast==0.6.0","gdown==5.2.0","gitdb==4.0.11","gitpython==3.1.43","gmpy2==2.1.2","google-pasta==0.2.0","grpcio==1.64.1","h5py==3.11.0","httpcore==1.0.5","httpx==0.27.0","humanfriendly==10.0","idna==3.7","imageio==2.34.2","imgviz==1.7.5","intel-openmp==2021.4.0","ipykernel==6.29.5","ipython==8.26.0","isoduration==20.11.0","jedi==0.19.1","jinja2==3.1.4","json5==0.9.24","jsonpointer==2.4","jsonschema==4.23.0","jsonschema-specifications==2023.12.1","jupyter-events==0.10.0","jupyter-lsp==2.2.4","jupyter_client==7.4.9","jupyter_core==5.7.2","jupyter_server==2.13.0","jupyter_server_terminals==0.5.3","jupyterlab==4.1.5","jupyterlab_pygments==0.3.0","jupyterlab_server==2.25.4","keras==3.4.1","kiwisolver==1.4.5","labelme==5.5.0","lazy_loader==0.4","libclang==18.1.1","markdown==3.6","markdown-it-py==3.0.0","markupsafe==2.1.3","matplotlib==3.9.1","matplotlib-inline==0.1.7","mdurl==0.1.2","mistune==3.0.2","mkl==2021.4.0","mkl-fft==1.3.1","mkl-random==1.2.2","mkl-service==2.4.0","ml-dtypes==0.3.2","mpmath==1.3.0","namex==0.0.8","natsort==8.4.0","nbclient==0.10.0","nbconvert==7.16.3","nbformat==5.10.4","nest-asyncio==1.6.0","networkx==3.3","notebook==7.1.2","notebook_shim==0.2.4","numpy==1.23.5","onnxruntime==1.18.1","opencv-python==4.10.0.84","opt-einsum==3.3.0","optree==0.12.1","overrides==7.7.0","packaging==24.1","pandas==2.2.2","pandocfilters==1.5.1","parso==0.8.4","pillow==10.3.0","pip==24.0","platformdirs==4.2.2","prometheus_client==0.20.0","prompt_toolkit==3.0.47","protobuf==4.25.3","psutil==6.0.0","pure-eval==0.2.2","py-cpuinfo==9.0.0","pygments==2.18.0","pyparsing==3.1.2","pyqt5==5.15.10","pyqt5-qt5==5.15.2","pyqt5-sip==12.13.0","pyreadline3==3.4.1","pysocks==1.7.1","python-box==6.1.0","python-dateutil==2.9.0.post0","python-json-logger==2.0.7","pytz==2024.1","pywin32==306","pywinpty==2.0.13","pyyaml==6.0.1","pyzmq==24.0.1","qtpy==2.4.1","referencing==0.35.1","requests==2.32.2","requests-toolbelt==1.0.0","rfc3339-validator==0.1.4","rfc3986-validator==0.1.1","rich==13.7.1","rpds-py==0.19.0","scikit-image==0.24.0","scipy==1.14.0","seaborn==0.13.2","semantic-version==2.10.0","send2trash==1.8.3","sentry-sdk==2.9.0","setuptools==69.5.1","simplejson==3.19.2","six==1.16.0","smmap==5.0.1","sniffio==1.3.1","soupsieve==2.5","stack-data==0.6.3","sympy==1.12","tbb==2021.13.0","tensorboard==2.16.2","tensorboard-data-server==0.7.2","tensorflow==2.16.2","tensorflow-intel==2.16.2","tensorflow-io-gcs-filesystem==0.31.0","termcolor==2.4.0","terminado==0.18.1","thop==0.1.1-2209072238","tifffile==2024.7.2","tinycss2==1.2.1","tomli==2.0.1","torch==2.3.1","torchaudio==2.3.1","torchvision==0.18.1","tornado==6.4.1","tqdm==4.66.4","traitlets==5.14.3","types-python-dateutil==2.9.0.20240316","typing_extensions==4.11.0","tzdata==2024.1","ultralytics==8.2.52","ultralytics-thop==2.0.0","uri-template==1.3.0","urllib3==2.2.2","wcwidth==0.2.13","webcolors==1.13","webencodings==0.5.1","websocket-client==1.8.0","werkzeug==3.0.3","wheel==0.43.0","win-inet-pton==1.1.0","wrapt==1.16.0","wurlitzer==3.1.1"],"message_id":1},"type":"installed_packages"}
{"payload":{"command":["d:\\Anaconda3\\envs\\torch\\Lib\\site-packages\\yolov5\\train.py"],"env":null,"hostname":"LAPTOP-B4JTMV1R","ip":"192.168.110.65","machine":"AMD64","message_id":2,"os":"Windows-10-10.0.19045-SP0","os_release":"10","os_type":"Windows","pid":20156,"processor":"AMD64 Family 23 Model 104 Stepping 1, AuthenticAMD","python_exe":"D:\\Anaconda3\\envs\\torch\\python.exe","python_version":"3.10.0","python_version_verbose":"3.10.0 | packaged by conda-forge | (default, Nov 10 2021, 13:20:59) [MSC v.1916 64 bit (AMD64)]","user":"WYC"},"type":"system_details"}
{"payload":{"local_timestamp":1720659005433,"message_id":3,"metric":{"epoch":null,"metricName":"sys.cpu.percent.avg","metricValue":33.333333333333336,"step":null}},"type":"metric_msg"}
{"payload":{"local_timestamp":1720659005433,"message_id":4,"metric":{"epoch":null,"metricName":"sys.ram.total","metricValue":16468996096,"step":null}},"type":"metric_msg"}
{"payload":{"local_timestamp":1720659005433,"message_id":5,"metric":{"epoch":null,"metricName":"sys.ram.used","metricValue":8871129088,"step":null}},"type":"metric_msg"}
{"payload":{"local_timestamp":1720659005433,"message_id":6,"metric":{"epoch":null,"metricName":"sys.ram.available","metricValue":7597867008,"step":null}},"type":"metric_msg"}
{"payload":{"local_timestamp":1720659005433,"message_id":7,"metric":{"epoch":null,"metricName":"sys.ram.percent.used","metricValue":53.9,"step":null}},"type":"metric_msg"}
{"payload":{"local_timestamp":1720659005434,"message_id":8,"metric":{"epoch":null,"metricName":"sys.load.avg","metricValue":0.0,"step":null}},"type":"metric_msg"}
{"payload":{"key":"offline_experiment","message_id":9,"value":true},"type":"log_other"}
{"payload":{"key":"Name","message_id":10,"value":"exp"},"type":"log_other"}
{"payload":{"local_timestamp":1720659005445,"message_id":11,"output":"Traceback (most recent call last):\n  File \"d:\\Anaconda3\\envs\\torch\\Lib\\site-packages\\yolov5\\train.py\", line 992, in <module>\n    main(opt)\n  File \"d:\\Anaconda3\\envs\\torch\\Lib\\site-packages\\yolov5\\train.py\", line 699, in main\n    train(opt.hyp, opt, device, callbacks)\n  File \"d:\\Anaconda3\\envs\\torch\\Lib\\site-packages\\yolov5\\train.py\", line 180, in train\n    loggers = Loggers(\n  File \"d:\\Anaconda3\\envs\\torch\\Lib\\site-packages\\yolov5\\utils\\loggers\\__init__.py\", line 152, in __init__\n    self.comet_logger = CometLogger(self.opt, self.hyp)\n  File \"d:\\Anaconda3\\envs\\torch\\Lib\\site-packages\\yolov5\\utils\\loggers\\comet\\__init__.py\", line 102, in __init__\n    self.data_dict = self.check_dataset(self.opt.data)\n  File \"d:\\Anaconda3\\envs\\torch\\Lib\\site-packages\\yolov5\\utils\\loggers\\comet\\__init__.py\", line 252, in check_dataset\n    data_config = yaml.safe_load(f)\n  File \"D:\\Anaconda3\\envs\\torch\\lib\\site-packages\\yaml\\__init__.py\", line 125, in safe_load\n    return load(stream, SafeLoader)\n  File \"D:\\Anaconda3\\envs\\torch\\lib\\site-packages\\yaml\\__init__.py\", line 79, in load\n    loader = Loader(stream)\n  File \"D:\\Anaconda3\\envs\\torch\\lib\\site-packages\\yaml\\loader.py\", line 34, in __init__\n    Reader.__init__(self, stream)\n  File \"D:\\Anaconda3\\envs\\torch\\lib\\site-packages\\yaml\\reader.py\", line 85, in __init__\n    self.determine_encoding()\n  File \"D:\\Anaconda3\\envs\\torch\\lib\\site-packages\\yaml\\reader.py\", line 124, in determine_encoding\n    self.update_raw()\n  File \"D:\\Anaconda3\\envs\\torch\\lib\\site-packages\\yaml\\reader.py\", line 178, in update_raw\n    data = self.stream.read(size)\nUnicodeDecodeError: 'gbk' codec can't decode byte 0x80 in position 235: illegal multibyte sequence\n","stderr":true},"type":"standard_output"}
{"payload":{"local_timestamp":1720659005446,"message_id":12,"output":"\u001b[1;38;5;39mCOMET INFO:\u001b[0m The process of logging environment details (conda environment, git patch) is underway. Please be patient as this may take some time.\n","stderr":true},"type":"standard_output"}
{"payload":{"git_metadata":{"branch":"refs/heads/master","origin":"https://github.com/ultralytics/yolov5.git","parent":"ff06328498373fded9eb326dd99dc36a51cd3c9b","repo_name":"yolov5","root":"1e84a23f38fad9e52b59101e9f1246d93066ed1e","status":null,"user":"Yangcheng Wu"},"message_id":13},"type":"git_metadata"}
{"payload":{"additional_params":{"assetId":"14fa172fe9f145cf8f61eb27169ab660","context":null,"epoch":null,"extension":"yml","fileName":"conda-environment.yml","overwrite":false,"runId":null,"step":null,"type":"conda-environment-definition"},"clean":true,"file_path":"tmp1ibttpxu","local_timestamp":1720659018907,"message_id":14,"metadata":{},"upload_type":"conda-environment-definition"},"type":"file_upload"}
{"payload":{"additional_params":{"assetId":"474cd7405b93427491a773d8fd82c12c","context":null,"epoch":null,"extension":"txt","fileName":"conda-spec.txt","overwrite":false,"runId":null,"step":null,"type":"conda-specification"},"clean":true,"file_path":"tmpd51telu3","local_timestamp":1720659020064,"message_id":15,"metadata":{},"upload_type":"conda-specification"},"type":"file_upload"}
{"payload":{"additional_params":{"assetId":"f42d12c2f58949b8b32e2bcdc6e344b4","context":null,"epoch":null,"extension":"yml","fileName":"conda-info.yml","overwrite":false,"runId":null,"step":null,"type":"conda-info"},"clean":true,"file_path":"tmpf_pqwzv6","local_timestamp":1720659021383,"message_id":16,"metadata":{},"upload_type":"conda-info"},"type":"file_upload"}
{"payload":{"local_timestamp":1720659021382,"message_id":17,"output":"\u001b[1;38;5;39mCOMET INFO:\u001b[0m ---------------------------------------------------------------------------------------\n","stderr":true},"type":"standard_output"}
{"payload":{"local_timestamp":1720659021383,"message_id":18,"output":"\u001b[1;38;5;39mCOMET INFO:\u001b[0m Comet.ml OfflineExperiment Summary\n","stderr":true},"type":"standard_output"}
{"payload":{"local_timestamp":1720659021383,"message_id":19,"output":"\u001b[1;38;5;39mCOMET INFO:\u001b[0m ---------------------------------------------------------------------------------------\n","stderr":true},"type":"standard_output"}
{"payload":{"local_timestamp":1720659021384,"message_id":20,"output":"\u001b[1;38;5;39mCOMET INFO:\u001b[0m   Data:\n","stderr":true},"type":"standard_output"}
{"payload":{"local_timestamp":1720659021384,"message_id":21,"output":"\u001b[1;38;5;39mCOMET INFO:\u001b[0m     display_summary_level : 1\n","stderr":true},"type":"standard_output"}
{"payload":{"local_timestamp":1720659021384,"message_id":22,"output":"\u001b[1;38;5;39mCOMET INFO:\u001b[0m     name                  : exp\n","stderr":true},"type":"standard_output"}
{"payload":{"local_timestamp":1720659021385,"message_id":23,"output":"\u001b[1;38;5;39mCOMET INFO:\u001b[0m     url                   : [OfflineExperiment will get URL after upload]\n","stderr":true},"type":"standard_output"}
{"payload":{"local_timestamp":1720659021385,"message_id":24,"output":"\u001b[1;38;5;39mCOMET INFO:\u001b[0m   Others:\n","stderr":true},"type":"standard_output"}
{"payload":{"local_timestamp":1720659021385,"message_id":25,"output":"\u001b[1;38;5;39mCOMET INFO:\u001b[0m     Name               : exp\n","stderr":true},"type":"standard_output"}
{"payload":{"local_timestamp":1720659021386,"message_id":26,"output":"\u001b[1;38;5;39mCOMET INFO:\u001b[0m     offline_experiment : True\n","stderr":true},"type":"standard_output"}
{"payload":{"local_timestamp":1720659021386,"message_id":27,"output":"\u001b[1;38;5;39mCOMET INFO:\u001b[0m   Uploads:\n","stderr":true},"type":"standard_output"}
{"payload":{"local_timestamp":1720659021387,"message_id":28,"output":"\u001b[1;38;5;39mCOMET INFO:\u001b[0m     conda-environment-definition : 1\n","stderr":true},"type":"standard_output"}
{"payload":{"local_timestamp":1720659021387,"message_id":29,"output":"\u001b[1;38;5;39mCOMET INFO:\u001b[0m     conda-info                   : 1\n","stderr":true},"type":"standard_output"}
{"payload":{"local_timestamp":1720659021388,"message_id":30,"output":"\u001b[1;38;5;39mCOMET INFO:\u001b[0m     conda-specification          : 1\n","stderr":true},"type":"standard_output"}
{"payload":{"local_timestamp":1720659021388,"message_id":31,"output":"\u001b[1;38;5;39mCOMET INFO:\u001b[0m     environment details          : 1\n","stderr":true},"type":"standard_output"}
{"payload":{"local_timestamp":1720659021389,"message_id":32,"output":"\u001b[1;38;5;39mCOMET INFO:\u001b[0m     git metadata                 : 1\n","stderr":true},"type":"standard_output"}
{"payload":{"local_timestamp":1720659021389,"message_id":33,"output":"\u001b[1;38;5;39mCOMET INFO:\u001b[0m     installed packages           : 1\n","stderr":true},"type":"standard_output"}
{"payload":{"local_timestamp":1720659021390,"message_id":34,"output":"\u001b[1;38;5;39mCOMET INFO:\u001b[0m \n","stderr":true},"type":"standard_output"}
